,City,Country,Cloudiness,Date,Humidity,Lat,Lng,Max_temp,Wind_speed
1,kavieng,PG,64.0,2018-11-26,100.0,-2.57,150.8,84.66,10.22
2,dingle,PH,0.0,2018-11-26,71.0,11.0,122.67,80.39,12.8
3,rikitea,PF,48.0,2018-11-26,99.0,-23.12,-134.97,78.05,9.1
4,ushuaia,AR,20.0,2018-11-26,61.0,-54.81,-68.31,50.0,28.86
5,puerto escondido,MX,40.0,2018-11-26,70.0,15.86,-97.07,84.2,3.36
6,alofi,NU,75.0,2018-11-26,66.0,-19.06,-169.92,86.0,9.17
7,rodrigues alves,BR,40.0,2018-11-26,100.0,-7.74,-72.65,75.2,1.12
8,mahebourg,MU,75.0,2018-11-26,94.0,-20.41,57.7,77.0,16.11
9,mus,FR,0.0,2018-11-26,65.0,43.74,4.2,50.0,5.82
10,san angelo,US,1.0,2018-11-26,32.0,31.46,-100.44,55.04,5.82
11,pisco,PE,75.0,2018-11-26,30.0,-13.71,-76.2,71.6,16.11
12,juliaca,PE,90.0,2018-11-26,81.0,-15.49,-70.13,46.4,8.05
13,inzer,RU,76.0,2018-11-26,86.0,54.22,57.56,15.18,3.85
14,busselton,AU,0.0,2018-11-26,100.0,-33.64,115.35,57.62,11.23
15,kirovskiy,RU,92.0,2018-11-26,88.0,45.09,133.51,33.59,8.66
16,saint-philippe,CA,90.0,2018-11-26,93.0,45.36,-73.48,37.4,10.29
17,cervo,BR,36.0,2018-11-26,94.0,-22.19,-46.24,63.56,3.62
18,cayenne,GF,90.0,2018-11-26,94.0,4.94,-52.33,75.2,2.24
19,mataura,NZ,0.0,2018-11-26,65.0,-46.19,168.86,67.07,8.1
20,hobart,AU,75.0,2018-11-26,77.0,-42.88,147.33,59.0,5.82
21,tasiilaq,GL,20.0,2018-11-26,58.0,65.61,-37.64,24.8,3.36
22,taksimo,RU,56.0,2018-11-26,41.0,56.36,114.84,-1.61,6.2
23,segezha,RU,20.0,2018-11-26,98.0,63.74,34.31,15.95,5.41
24,husavik,CA,20.0,2018-11-26,75.0,50.56,-96.99,9.65,10.78
25,geraldton,CA,90.0,2018-11-26,78.0,49.72,-86.95,14.0,4.7
26,luderitz,NA,0.0,2018-11-26,88.0,-26.65,15.16,56.85,15.03
27,manzhouli,CN,32.0,2018-11-26,41.0,49.6,117.43,7.8,23.53
28,atuona,PF,68.0,2018-11-26,100.0,-9.8,-139.03,78.45,13.8
29,pacific grove,US,1.0,2018-11-26,49.0,36.62,-121.92,69.98,3.06
30,kodiak,US,64.0,2018-11-26,93.0,39.95,-94.76,20.4,8.77
31,avarua,CK,40.0,2018-11-26,61.0,-21.21,-159.78,80.6,5.82
32,agudos,BR,0.0,2018-11-26,65.0,-22.47,-48.99,77.0,10.29
33,coihaique,CL,0.0,2018-11-26,47.0,-45.58,-72.07,59.0,4.7
34,agadir,MA,40.0,2018-11-26,87.0,30.42,-9.58,60.8,4.29
35,airai,TL,32.0,2018-11-26,92.0,-8.93,125.41,76.07,0.94
36,broken hill,AU,92.0,2018-11-26,100.0,-31.97,141.45,60.63,8.99
37,gruiu,RO,90.0,2018-11-26,100.0,44.23,26.42,37.4,2.24
38,chuy,UY,80.0,2018-11-26,76.0,-33.69,-53.46,65.09,12.24
39,rancho veloz,CU,40.0,2018-11-26,65.0,22.88,-80.39,78.8,4.7
40,tuktoyaktuk,CA,75.0,2018-11-26,77.0,69.44,-133.03,6.8,14.99
41,kurilsk,RU,0.0,2018-11-26,89.0,45.23,147.88,45.47,15.7
42,bahia honda,CU,88.0,2018-11-26,79.0,22.9,-83.16,78.36,4.29
43,yellowknife,CA,90.0,2018-11-26,92.0,62.45,-114.38,21.2,14.99
44,filadelfia,PY,44.0,2018-11-26,63.0,-22.35,-60.04,81.11,2.95
45,punta arenas,CL,40.0,2018-11-26,62.0,-53.16,-70.91,51.8,17.22
46,marawi,PH,8.0,2018-11-26,80.0,8.0,124.29,75.08,3.06
47,marsaxlokk,MT,20.0,2018-11-26,63.0,35.84,14.54,66.2,12.75
48,bethel,US,90.0,2018-11-26,91.0,60.79,-161.76,19.94,8.05
49,vaini,IN,0.0,2018-11-26,69.0,15.34,74.49,63.06,4.18
50,cockburn town,TC,0.0,2018-11-26,100.0,21.46,-71.14,79.94,9.33
51,ponta do sol,BR,48.0,2018-11-26,89.0,-20.63,-46.0,67.56,7.2
52,jamestown,AU,88.0,2018-11-26,100.0,-33.21,138.6,55.91,9.66
53,moree,AU,80.0,2018-11-26,36.0,-29.46,149.84,76.61,10.0
54,noumea,NC,0.0,2018-11-26,65.0,-22.28,166.46,77.0,6.93
55,east london,ZA,92.0,2018-11-26,100.0,-33.02,27.91,70.13,17.49
56,victoria,BN,75.0,2018-11-26,94.0,5.28,115.24,78.8,2.24
57,butaritari,KI,20.0,2018-11-26,100.0,3.07,172.79,84.08,4.74
58,port augusta,AU,90.0,2018-11-26,88.0,-32.49,137.76,62.6,8.05
59,hay river,CA,75.0,2018-11-26,92.0,60.82,-115.79,21.2,5.82
60,nikolskoye,RU,90.0,2018-11-26,86.0,59.7,30.79,26.6,6.71
61,wanaka,NZ,8.0,2018-11-26,60.0,-44.7,169.14,59.1,2.73
62,rach gia,VN,8.0,2018-11-26,100.0,10.02,105.08,74.45,4.41
63,rocha,UY,80.0,2018-11-26,42.0,-34.48,-54.34,70.13,9.78
64,lebu,ET,0.0,2018-11-26,87.0,8.96,38.73,39.48,2.73
65,sibolga,ID,0.0,2018-11-26,100.0,1.74,98.78,68.1,2.39
66,troitsko-pechorsk,RU,80.0,2018-11-26,86.0,62.71,56.19,16.35,3.4
67,miguel hidalgo,MX,75.0,2018-11-26,42.0,19.41,-99.19,75.2,6.93
68,hithadhoo,MV,76.0,2018-11-26,99.0,-0.6,73.08,84.3,3.18
69,itarema,BR,36.0,2018-11-26,82.0,-2.92,-39.92,80.16,14.81
70,pevek,RU,56.0,2018-11-26,100.0,69.7,170.27,-3.54,9.1
71,puerto ayora,EC,75.0,2018-11-26,57.0,-0.74,-90.35,80.6,10.29
72,hermanus,ZA,92.0,2018-11-26,99.0,-34.42,19.24,54.96,4.63
73,faya,SA,0.0,2018-11-26,87.0,18.39,42.45,57.2,5.97
74,kruisfontein,ZA,80.0,2018-11-26,94.0,-34.0,24.73,64.19,1.95
75,cape town,ZA,75.0,2018-11-26,87.0,-33.93,18.42,60.8,24.16
76,zhanakorgan,KZ,64.0,2018-11-26,90.0,43.91,67.25,25.26,4.41
77,lompoc,US,1.0,2018-11-26,58.0,34.64,-120.46,75.2,13.87
78,hailar,CN,64.0,2018-11-26,38.0,49.2,119.7,10.05,25.99
79,upernavik,GL,0.0,2018-11-26,100.0,72.79,-56.15,8.75,20.4
80,grootfontein,NA,48.0,2018-11-26,86.0,-19.56,18.1,64.5,3.62
81,natal,BR,40.0,2018-11-26,78.0,-5.81,-35.21,80.6,11.41
82,khatanga,RU,0.0,2018-11-26,51.0,71.98,102.47,-30.27,8.21
83,novyy urengoy,RU,24.0,2018-11-26,39.0,66.08,76.63,-25.64,3.4
84,talnakh,RU,20.0,2018-11-26,60.0,69.49,88.39,-12.77,2.17
85,wattegama,LK,32.0,2018-11-26,94.0,7.35,80.68,64.82,3.4
86,college,US,90.0,2018-11-26,93.0,64.86,-147.8,28.04,6.08
87,yumen,CN,0.0,2018-11-26,51.0,40.29,97.04,21.66,10.11
88,gao,ML,44.0,2018-11-26,44.0,16.28,-0.04,68.55,3.29
89,kahului,US,40.0,2018-11-26,69.0,20.89,-156.47,84.02,18.34
90,henties bay,NA,36.0,2018-11-26,100.0,-22.12,14.28,58.7,5.64
91,pyshchug,RU,80.0,2018-11-26,88.0,58.89,45.71,22.61,5.41
92,torbay,CA,90.0,2018-11-26,100.0,47.66,-52.73,33.8,12.75
93,souillac,FR,12.0,2018-11-26,93.0,45.6,-0.6,39.2,2.24
94,huilong,CN,0.0,2018-11-26,78.0,28.89,110.18,38.81,3.4
95,narsaq,GL,0.0,2018-11-26,31.0,60.91,-46.05,33.8,3.4
96,maniitsoq,GL,0.0,2018-11-26,84.0,65.42,-52.9,25.35,8.77
97,paamiut,GL,0.0,2018-11-26,99.0,61.99,-49.67,33.41,11.12
98,longyearbyen,NO,40.0,2018-11-26,62.0,78.22,15.63,19.4,3.36
99,pontes e lacerda,BR,0.0,2018-11-26,89.0,-15.23,-59.33,77.15,3.29
100,kaabong,UG,8.0,2018-11-26,78.0,3.51,34.14,64.23,5.19
101,gravelbourg,CA,68.0,2018-11-26,89.0,49.88,-106.56,20.09,8.43
102,albany,US,90.0,2018-11-26,76.0,42.65,-73.75,44.06,3.36
103,faanui,PF,80.0,2018-11-26,100.0,-16.48,-151.75,83.18,10.11
104,barrow,AR,80.0,2018-11-26,57.0,-38.31,-60.23,68.6,3.4
105,kavaratti,IN,24.0,2018-11-26,100.0,10.57,72.64,83.54,6.42
106,nagorsk,RU,88.0,2018-11-26,93.0,59.32,50.8,20.4,5.19
107,carnarvon,ZA,100.0,2018-11-26,24.0,-30.97,22.13,64.28,7.2
108,manchar,IN,36.0,2018-11-26,85.0,19.0,73.94,54.29,2.73
109,atakpame,TG,12.0,2018-11-26,65.0,7.53,1.13,78.41,6.64
110,vao,EE,80.0,2018-11-26,87.0,59.1,26.19,30.71,10.11
111,qaanaaq,GL,12.0,2018-11-26,100.0,77.48,-69.36,-12.72,8.77
112,syke,DE,20.0,2018-11-26,93.0,52.91,8.82,37.4,6.93
113,road town,VG,40.0,2018-11-26,83.0,18.42,-64.62,80.96,3.36
114,laguna,MX,90.0,2018-11-26,31.0,27.52,-110.01,78.8,4.7
115,mount gambier,AU,92.0,2018-11-26,88.0,-37.83,140.78,58.38,4.63
116,williams lake,CA,90.0,2018-11-26,85.0,52.13,-122.14,39.2,19.46
117,samarai,PG,0.0,2018-11-26,97.0,-10.62,150.67,84.17,4.97
118,ahuimanu,US,20.0,2018-11-26,84.0,21.44,-157.84,84.92,6.93
119,sobolevo,RU,20.0,2018-11-26,74.0,54.43,31.9,11.81,7.65
120,dikson,RU,48.0,2018-11-26,100.0,73.51,80.55,-2.19,5.64
121,porto novo,BR,75.0,2018-11-26,77.0,-23.68,-45.44,66.2,11.41
122,castro,CL,0.0,2018-11-26,71.0,-42.48,-73.76,53.66,7.65
123,tiksi,RU,24.0,2018-11-26,46.0,71.64,128.87,-28.47,2.73
124,esperance,TT,20.0,2018-11-26,78.0,10.24,-61.45,80.6,4.7
125,port elizabeth,US,90.0,2018-11-26,93.0,39.31,-74.98,57.02,11.41
126,plettenberg bay,ZA,92.0,2018-11-26,100.0,-34.05,23.37,63.74,7.43
127,chokurdakh,RU,68.0,2018-11-26,62.0,70.62,147.9,-12.86,3.85
128,arraial do cabo,BR,92.0,2018-11-26,100.0,-22.97,-42.02,71.12,6.2
129,tombouctou,ML,76.0,2018-11-26,32.0,16.77,-3.01,73.64,6.98
130,guerrero negro,MX,68.0,2018-11-26,48.0,27.97,-114.04,73.46,4.74
131,tual,ID,56.0,2018-11-26,100.0,-5.67,132.75,85.07,7.99
132,yantal,RU,48.0,2018-11-26,63.0,56.85,105.25,8.16,4.29
133,goderich,CA,92.0,2018-11-26,100.0,43.74,-81.71,36.47,20.18
134,bredasdorp,ZA,92.0,2018-11-26,88.0,-34.53,20.04,66.2,5.82
135,kapaa,US,1.0,2018-11-26,62.0,22.08,-159.32,82.94,16.11
136,port hardy,CA,90.0,2018-11-26,93.0,50.7,-127.42,48.2,23.04
137,autazes,BR,12.0,2018-11-26,91.0,-3.58,-59.13,79.35,1.95
138,grass valley,US,20.0,2018-11-26,63.0,39.22,-121.06,64.04,3.36
139,yelizovo,RU,20.0,2018-11-26,49.0,53.19,158.38,26.6,24.61
140,la ronge,CA,90.0,2018-11-26,78.0,55.1,-105.3,15.8,14.99
141,rio gallegos,AR,0.0,2018-11-26,31.0,-51.62,-69.22,60.8,23.04
142,muros,ES,40.0,2018-11-26,93.0,42.77,-9.06,42.8,6.93
143,bluff,AU,20.0,2018-11-26,21.0,-23.58,149.07,95.69,3.62
144,saint george,GR,40.0,2018-11-26,71.0,39.45,22.34,57.2,3.36
145,bad doberan,DE,75.0,2018-11-26,82.0,54.11,11.9,33.8,2.24
146,tura,IN,0.0,2018-11-26,86.0,25.52,90.21,56.81,2.39
147,yar-sale,RU,32.0,2018-11-26,90.0,66.83,70.83,-20.42,8.77
148,barranca,PE,48.0,2018-11-26,100.0,-10.75,-77.76,64.28,9.44
149,boyolangu,ID,20.0,2018-11-26,94.0,-8.09,111.9,74.18,3.96
150,diamantino,BR,68.0,2018-11-26,92.0,-14.4,-56.44,75.17,4.63
151,clyde river,CA,5.0,2018-11-26,75.0,70.47,-68.59,-16.61,4.18
152,mocuba,MZ,20.0,2018-11-26,91.0,-16.84,36.99,73.23,3.74
153,hermosillo,MX,75.0,2018-11-26,25.0,29.09,-110.96,86.0,3.06
154,vanimo,PG,24.0,2018-11-26,100.0,-2.67,141.3,82.05,7.54
155,saskylakh,RU,48.0,2018-11-26,45.0,71.97,114.09,-28.34,3.4
156,malaya serdoba,RU,76.0,2018-11-26,92.0,52.47,44.96,23.55,4.85
157,jinchang,CN,8.0,2018-11-26,63.0,38.52,102.19,14.1,3.4
158,rodeo,MX,24.0,2018-11-26,47.0,25.18,-104.56,55.19,4.52
159,bambous virieux,MU,75.0,2018-11-26,94.0,-20.34,57.76,77.0,16.11
160,usinsk,RU,80.0,2018-11-26,84.0,66.0,57.56,2.72,3.96
161,fairbanks,US,90.0,2018-11-26,93.0,64.84,-147.72,28.04,6.08
162,eldoret,KE,75.0,2018-11-26,76.0,0.52,35.27,57.2,13.87
163,las vegas,US,1.0,2018-11-26,12.0,36.17,-115.15,60.98,11.41
164,fort nelson,CA,90.0,2018-11-26,92.0,58.81,-122.69,12.2,2.24
165,vila,IT,75.0,2018-11-26,87.0,45.18,8.4,46.4,3.36
166,biak,ID,44.0,2018-11-26,92.0,-0.91,122.88,81.15,1.39
167,kaitangata,NZ,0.0,2018-11-26,78.0,-46.28,169.85,58.43,19.17
168,hokitika,NZ,12.0,2018-11-26,73.0,-42.72,170.96,64.68,3.18
169,hamilton,BM,40.0,2018-11-26,73.0,32.3,-64.78,69.8,6.93
170,chiredzi,ZW,56.0,2018-11-26,92.0,-21.05,31.67,73.68,6.76
171,kushima,JP,75.0,2018-11-26,93.0,31.5,131.29,57.2,4.7
172,coolum beach,AU,8.0,2018-11-26,62.0,-26.53,153.09,82.46,7.09
173,huarmey,PE,0.0,2018-11-26,69.0,-10.07,-78.15,65.31,3.29
174,caravelas,BR,36.0,2018-11-26,100.0,-17.73,-39.27,76.38,12.68
175,thompson,CA,20.0,2018-11-26,77.0,55.74,-97.86,6.8,5.82
176,khasan,RU,88.0,2018-11-26,100.0,42.43,130.64,38.76,16.82
177,richards bay,ZA,80.0,2018-11-26,93.0,-28.77,32.06,71.12,2.62
178,manta,RO,92.0,2018-11-26,99.0,45.1,24.1,37.95,2.84
179,imbituba,BR,75.0,2018-11-26,68.0,-28.24,-48.67,71.6,5.82
180,lasa,CY,75.0,2018-11-26,72.0,34.92,32.53,62.6,9.17
181,chama,ZM,0.0,2018-11-26,63.0,-11.22,33.16,72.29,8.1
182,atambua,ID,80.0,2018-11-26,100.0,-9.11,124.89,79.53,4.85
183,coahuayana,MX,0.0,2018-11-26,42.0,18.62,-100.35,76.52,2.17
184,provideniya,RU,20.0,2018-11-26,66.0,64.42,-173.23,15.8,8.95
185,shubarkuduk,KZ,80.0,2018-11-26,88.0,49.15,56.49,24.95,10.78
186,port lincoln,AU,88.0,2018-11-26,100.0,-34.72,135.86,59.01,14.25
187,ancud,CL,0.0,2018-11-26,65.0,-41.87,-73.83,56.09,6.53
188,galeras,CO,48.0,2018-11-26,90.0,9.16,-75.05,78.95,9.89
189,severo-kurilsk,RU,80.0,2018-11-26,100.0,50.68,156.12,32.46,17.27
190,paracatu,BR,56.0,2018-11-26,94.0,-17.22,-46.87,70.22,4.74
191,port alfred,ZA,88.0,2018-11-26,93.0,-33.59,26.89,68.51,10.67
192,new norfolk,AU,75.0,2018-11-26,77.0,-42.78,147.06,59.0,5.82
193,lazaro cardenas,MX,90.0,2018-11-26,53.0,28.39,-105.62,55.4,6.93
194,cabo san lucas,MX,20.0,2018-11-26,69.0,22.89,-109.91,77.0,6.93
195,itanagar,IN,0.0,2018-11-26,85.0,27.1,93.63,49.65,1.95
196,gombe,NG,8.0,2018-11-26,49.0,10.28,11.17,66.66,4.41
197,naze,NG,40.0,2018-11-26,94.0,5.43,7.07,77.0,4.97
198,jiquilpan,MX,40.0,2018-11-26,74.0,19.78,-103.78,78.8,1.95
199,high level,CA,90.0,2018-11-26,100.0,58.52,-117.13,24.8,9.17
200,ust-kuyga,RU,20.0,2018-11-26,0.0,70.0,135.55,-39.14,1.16
201,salym,RU,88.0,2018-11-26,86.0,60.06,71.48,0.06,5.53
202,kearney,US,90.0,2018-11-26,87.0,40.7,-99.08,32.9,4.7
203,puerto madero,AR,0.0,2018-11-26,48.0,-34.61,-58.36,82.4,10.29
204,basoko,CD,36.0,2018-11-26,94.0,1.23,23.61,73.1,4.85
205,dudinka,RU,0.0,2018-11-26,70.0,69.41,86.18,-15.69,3.62
206,baykit,RU,48.0,2018-11-26,75.0,61.68,96.39,-8.0,2.84
207,nanga eboko,CM,44.0,2018-11-26,95.0,4.68,12.37,69.41,5.64
208,zhuhai,CN,0.0,2018-11-26,47.0,40.71,112.04,12.2,8.95
209,ulladulla,AU,75.0,2018-11-26,68.0,-35.36,150.48,68.0,5.82
210,mutoko,ZW,8.0,2018-11-26,94.0,-17.4,32.23,65.54,2.62
211,nouakchott,MR,92.0,2018-11-26,86.0,18.08,-15.98,72.29,13.69
212,mayo,CA,75.0,2018-11-26,74.0,63.59,-135.9,37.4,17.22
213,bilibino,RU,32.0,2018-11-26,0.0,68.06,166.44,-38.82,2.28
214,rawson,AR,0.0,2018-11-26,29.0,-43.3,-65.11,68.24,14.58
215,poiana blenchii,RO,92.0,2018-11-26,93.0,47.31,23.75,46.4,3.36
216,prado,BR,32.0,2018-11-26,100.0,-17.34,-39.22,77.24,11.01
217,galesong,ID,20.0,2018-11-26,88.0,-5.32,119.37,77.0,4.7
218,adamantina,BR,44.0,2018-11-26,62.0,-21.69,-51.08,80.12,14.03
219,gambela,ET,76.0,2018-11-26,90.0,8.25,34.59,62.3,3.4
220,bandarbeyla,SO,92.0,2018-11-26,100.0,9.49,50.81,77.46,9.66
221,porto nacional,BR,75.0,2018-11-26,88.0,-10.7,-48.41,77.0,10.29
222,carballo,ES,0.0,2018-11-26,87.0,43.21,-8.69,46.4,4.7
223,matara,PE,92.0,2018-11-26,98.0,-13.74,-72.9,45.92,2.06
224,keetmanshoop,NA,0.0,2018-11-26,20.0,-26.57,18.15,73.4,8.05
225,meulaboh,ID,64.0,2018-11-26,100.0,4.14,96.13,76.83,4.63
226,sorland,NO,56.0,2018-11-26,100.0,67.67,12.69,39.8,14.36
227,kralendijk,BQ,0.0,2018-11-26,78.0,12.15,-68.27,80.6,11.41
228,port hedland,AU,40.0,2018-11-26,83.0,-20.31,118.58,77.0,9.17
229,hilo,US,90.0,2018-11-26,81.0,19.71,-155.08,75.02,13.58
230,alenquer,BR,0.0,2018-11-26,74.0,-1.95,-54.74,84.2,3.36
231,georgetown,GY,75.0,2018-11-26,100.0,6.8,-58.16,77.0,4.7
232,nizhnyaya tavda,RU,88.0,2018-11-26,88.0,57.67,66.17,13.25,6.76
233,westport,IE,36.0,2018-11-26,100.0,53.8,-9.52,41.28,21.97
234,norman wells,CA,75.0,2018-11-26,85.0,65.28,-126.83,10.4,14.99
235,shimoda,JP,20.0,2018-11-26,93.0,34.7,138.93,48.2,4.7
236,podor,MR,92.0,2018-11-26,36.0,16.65,-14.96,76.97,8.77
237,ukiah,US,1.0,2018-11-26,62.0,39.15,-123.21,60.98,3.36
238,isangel,VU,40.0,2018-11-26,83.0,-19.55,169.27,84.2,8.05
239,tambo grande,EC,75.0,2018-11-26,33.0,-3.58,-79.83,89.6,5.82
240,srednekolymsk,RU,56.0,2018-11-26,58.0,67.46,153.71,-19.79,3.29
241,ketchikan,US,90.0,2018-11-26,86.0,55.34,-131.65,48.92,17.22
242,morehead,US,90.0,2018-11-26,88.0,38.18,-83.43,32.0,4.7
243,niquero,CU,0.0,2018-11-26,94.0,20.04,-77.58,81.96,8.43
244,mar del plata,AR,0.0,2018-11-26,33.0,-46.43,-67.52,68.1,4.97
245,okhotsk,RU,0.0,2018-11-26,100.0,59.36,143.24,-1.2,6.64
246,sitka,US,0.0,2018-11-26,64.0,37.17,-99.65,36.83,3.4
247,emba,CY,75.0,2018-11-26,72.0,34.81,32.42,62.6,9.17
248,hendersonville,US,90.0,2018-11-26,69.0,36.3,-86.62,37.94,10.29
249,saint-leu,RE,0.0,2018-11-26,69.0,-21.15,55.28,75.2,5.82
250,rincon,US,90.0,2018-11-26,59.0,32.3,-81.24,64.04,13.87
251,manado,ID,20.0,2018-11-26,88.0,1.49,124.85,82.4,1.12
252,buraydah,SA,40.0,2018-11-26,93.0,26.33,43.97,55.4,5.82
253,ponta delgada,PT,75.0,2018-11-26,77.0,37.73,-25.67,64.4,18.34
254,khani,GE,0.0,2018-11-26,70.0,41.96,42.96,46.4,6.93
255,narayangarh,IN,24.0,2018-11-26,71.0,24.28,75.06,57.26,7.65
256,krivosheino,RU,56.0,2018-11-26,81.0,57.34,83.93,6.23,3.51
257,de haan,BE,75.0,2018-11-26,93.0,51.28,3.03,41.0,4.7
258,okitipupa,NG,12.0,2018-11-26,93.0,6.5,4.78,75.53,2.39
259,portland,US,90.0,2018-11-26,68.0,45.52,-122.67,51.98,12.75
260,wakiso,UG,20.0,2018-11-26,88.0,0.4,32.48,71.6,7.87
261,burnie,AU,8.0,2018-11-26,100.0,-41.05,145.91,59.24,5.41
262,sayyan,YE,0.0,2018-11-26,79.0,15.17,44.32,43.22,5.19
263,benghazi,LY,0.0,2018-11-26,100.0,32.12,20.07,69.59,10.78
264,dongsheng,CN,0.0,2018-11-26,77.0,29.72,112.52,41.96,2.84
265,xichang,CN,0.0,2018-11-26,79.0,27.88,102.25,26.3,1.61
266,bakel,SN,88.0,2018-11-26,42.0,14.9,-12.46,75.26,6.2
267,energetik,RU,92.0,2018-11-26,91.0,51.74,58.8,28.05,12.35
268,san quintin,PH,20.0,2018-11-26,94.0,17.54,120.52,73.4,2.24
269,mountain home,US,75.0,2018-11-26,52.0,43.13,-115.69,42.98,18.34
270,nyurba,RU,64.0,2018-11-26,50.0,63.29,118.35,-30.5,2.73
271,petropavlovsk-kamchatskiy,RU,20.0,2018-11-26,49.0,53.05,158.65,26.6,24.61
272,dobson,US,40.0,2018-11-26,64.0,36.4,-80.72,46.94,9.17
273,tupelo,US,1.0,2018-11-26,45.0,34.26,-88.7,44.96,6.93
274,katherine,AU,0.0,2018-11-26,70.0,-14.47,132.26,84.2,11.41
275,egvekinot,RU,32.0,2018-11-26,73.0,66.32,-179.17,2.31,10.78
276,emerald,AU,36.0,2018-11-26,24.0,-23.53,148.16,93.71,5.19
277,dunedin,NZ,64.0,2018-11-26,88.0,-45.87,170.5,52.98,10.67
278,rongcheng,CN,12.0,2018-11-26,100.0,37.16,122.42,47.18,10.0
279,mehamn,NO,0.0,2018-11-26,79.0,71.03,27.85,32.0,11.41
280,asadabad,IR,40.0,2018-11-26,86.0,34.78,48.12,33.8,4.7
281,nizhnevartovsk,RU,75.0,2018-11-26,83.0,60.93,76.58,-9.41,4.47
282,zhenlai,CN,0.0,2018-11-26,27.0,45.84,123.2,19.01,16.82
283,bebedouro,BR,0.0,2018-11-26,81.0,-20.95,-48.48,71.93,12.12
284,cherskiy,RU,12.0,2018-11-26,55.0,68.75,161.3,-31.8,2.84
285,umm kaddadah,SD,8.0,2018-11-26,35.0,13.6,26.69,56.31,8.1
286,cidreira,BR,8.0,2018-11-26,74.0,-30.17,-50.22,65.54,13.02
287,beeville,US,1.0,2018-11-26,16.0,28.4,-97.75,64.04,5.82
288,manggar,ID,0.0,2018-11-26,99.0,-2.88,108.27,80.16,3.96
289,katobu,ID,20.0,2018-11-26,100.0,-4.94,122.53,81.02,1.72
290,seddon,NZ,100.0,2018-11-26,100.0,-41.67,174.07,55.55,18.72
291,sur,OM,0.0,2018-11-26,100.0,22.57,59.53,75.08,2.51
292,sao filipe,CV,0.0,2018-11-26,93.0,14.9,-24.5,76.25,13.8
293,tucuman,PE,0.0,2018-11-26,61.0,-17.17,-70.89,57.53,0.6
294,celestun,MX,12.0,2018-11-26,95.0,20.87,-90.4,79.85,10.78
295,ocampo,PH,92.0,2018-11-26,89.0,13.56,123.37,79.53,10.56
296,acajutla,SV,20.0,2018-11-26,62.0,13.59,-89.83,84.2,5.82
297,ak-dovurak,RU,76.0,2018-11-26,80.0,51.17,90.6,-1.61,2.17
298,fortuna,ES,0.0,2018-11-26,54.0,38.18,-1.13,59.0,8.05
299,inuvik,CA,90.0,2018-11-26,77.0,68.36,-133.71,-2.21,2.95
300,boddam,GB,68.0,2018-11-26,92.0,57.47,-1.78,30.2,7.43
301,epinal,FR,75.0,2018-11-26,86.0,48.18,6.45,41.0,4.7
302,sao domingos,BR,76.0,2018-11-26,88.0,-13.4,-46.32,69.59,7.65
303,ono,JP,20.0,2018-11-26,93.0,35.98,136.49,42.8,5.82
304,harnosand,SE,0.0,2018-11-26,79.0,62.63,17.94,23.0,10.29
305,nhulunbuy,AU,40.0,2018-11-26,70.0,-12.18,136.78,87.8,12.75
306,virginia beach,US,90.0,2018-11-26,64.0,36.85,-75.98,62.06,11.41
307,bonthe,SL,32.0,2018-11-26,83.0,7.53,-12.5,81.56,4.97
308,keningau,MY,75.0,2018-11-26,88.0,5.33,116.16,77.0,5.82
309,havelock,US,1.0,2018-11-26,72.0,34.88,-76.9,66.92,12.75
310,chapais,CA,90.0,2018-11-26,92.0,49.78,-74.86,30.2,12.75
311,twentynine palms,US,1.0,2018-11-26,10.0,34.14,-116.05,80.96,8.05
312,tuatapere,NZ,20.0,2018-11-26,81.0,-46.13,167.69,60.05,6.31
313,vavuniya,LK,44.0,2018-11-26,91.0,8.76,80.5,67.97,3.74
314,corrente,BR,68.0,2018-11-26,97.0,-17.45,-44.68,64.1,2.73
315,svetlaya,RU,0.0,2018-11-26,100.0,46.54,138.33,43.49,16.49
316,ryotsu,JP,20.0,2018-11-26,87.0,38.08,138.43,42.8,9.17
317,camopi,GF,92.0,2018-11-26,99.0,3.17,-52.33,73.05,2.17
318,hagere hiywet,ET,0.0,2018-11-26,91.0,8.98,37.85,40.88,2.73
319,loukhi,RU,64.0,2018-11-26,88.0,66.08,33.04,18.56,6.08
320,ilhabela,BR,36.0,2018-11-26,100.0,-23.78,-45.36,71.43,7.43
321,mega,ET,8.0,2018-11-26,89.0,4.06,38.32,60.59,5.97
322,ringsted,DK,0.0,2018-11-26,100.0,55.45,11.8,32.0,4.7
323,launceston,AU,90.0,2018-11-26,87.0,-41.43,147.14,57.2,3.36
324,pirgos,GR,40.0,2018-11-26,82.0,35.12,25.72,64.4,16.11
325,changping,CN,0.0,2018-11-26,12.0,40.22,116.23,42.8,11.18
326,taltal,CL,0.0,2018-11-26,82.0,-25.41,-70.49,60.63,2.28
327,isla mujeres,MX,75.0,2018-11-26,69.0,21.23,-86.73,82.4,1.95
328,le vauclin,MQ,40.0,2018-11-26,74.0,14.55,-60.84,80.6,9.17
329,marsh harbour,BS,76.0,2018-11-26,100.0,26.54,-77.06,80.66,14.25
330,puerto penasco,MX,0.0,2018-11-26,94.0,31.32,-113.53,68.15,13.69
331,santa ana,SV,20.0,2018-11-26,62.0,13.99,-89.56,84.2,5.82
332,honiara,SB,40.0,2018-11-26,70.0,-9.43,159.96,87.8,4.7
333,lorengau,PG,32.0,2018-11-26,100.0,-2.02,147.27,82.91,10.22
334,san jose el alto,MX,75.0,2018-11-26,30.0,20.65,-100.37,71.6,5.82
335,malpe,IN,0.0,2018-11-26,88.0,13.35,74.72,77.0,4.7
336,hasaki,JP,75.0,2018-11-26,93.0,35.73,140.83,50.0,6.93
337,klaksvik,FO,80.0,2018-11-26,93.0,62.23,-6.59,35.6,6.93
338,golovino,RU,56.0,2018-11-26,90.0,55.95,40.44,18.02,7.76
339,nisia floresta,BR,40.0,2018-11-26,78.0,-6.09,-35.21,80.6,11.41
340,zhezkazgan,KZ,56.0,2018-11-26,70.0,47.8,67.71,12.62,3.18
341,bonavista,CA,92.0,2018-11-26,98.0,48.65,-53.11,37.19,19.17
342,mukhen,RU,76.0,2018-11-26,85.0,48.19,136.14,31.25,9.78
343,alto araguaia,BR,8.0,2018-11-26,90.0,-17.32,-53.22,72.74,6.76
344,oktyabrskiy,RU,75.0,2018-11-26,79.0,55.61,37.97,26.6,4.47
345,qaqortoq,GL,0.0,2018-11-26,31.0,60.72,-46.03,33.8,4.18
346,lubango,AO,8.0,2018-11-26,64.0,-14.92,13.49,57.08,1.39
347,camacha,PT,20.0,2018-11-26,77.0,33.08,-16.33,64.4,5.82
348,viedma,AR,36.0,2018-11-26,38.0,-40.81,-62.99,65.63,12.01
349,waipawa,NZ,12.0,2018-11-26,90.0,-39.94,176.59,66.03,4.52
350,berlevag,NO,0.0,2018-11-26,79.0,70.86,29.09,26.6,11.41
351,auki,NG,0.0,2018-11-26,48.0,12.18,6.51,64.19,5.64
352,namibe,AO,0.0,2018-11-26,100.0,-15.19,12.15,70.98,7.65
353,lira,UG,20.0,2018-11-26,66.0,2.25,32.9,68.15,6.42
354,te anau,NZ,64.0,2018-11-26,59.0,-45.41,167.72,64.46,3.74
355,muyuka,CM,40.0,2018-11-26,94.0,4.29,9.41,78.8,3.51
356,marsa matruh,EG,0.0,2018-11-26,77.0,31.35,27.25,59.0,3.18
357,tiznit,MA,36.0,2018-11-26,96.0,29.7,-9.73,56.81,3.96
358,rundu,NA,12.0,2018-11-26,83.0,-17.91,19.77,67.38,4.63
359,nirmal,IN,12.0,2018-11-26,78.0,19.09,78.35,53.16,2.51
360,pinega,RU,80.0,2018-11-26,74.0,64.7,43.39,12.08,3.62
361,bathsheba,BB,40.0,2018-11-26,78.0,13.22,-59.52,80.6,16.11
362,fort thomas,US,90.0,2018-11-26,96.0,39.08,-84.45,33.98,17.22
363,la romana,DO,20.0,2018-11-26,83.0,18.43,-68.97,78.8,4.7
364,capaci,IT,75.0,2018-11-26,72.0,38.17,13.24,62.6,35.57
365,praia,BR,0.0,2018-11-26,64.0,-20.25,-43.81,71.6,5.82
366,vestmannaeyjar,IS,20.0,2018-11-26,100.0,63.44,-20.27,38.31,13.02
367,acapulco,MX,75.0,2018-11-26,66.0,16.86,-99.88,86.0,4.85
368,neuquen,AR,75.0,2018-11-26,43.0,-38.95,-68.06,71.6,10.29
369,demba,CD,92.0,2018-11-26,99.0,-5.47,22.27,69.18,2.17
370,mercedes,UY,92.0,2018-11-26,50.0,-33.25,-58.03,70.26,10.0
371,varberg,SE,0.0,2018-11-26,85.0,57.11,12.25,24.8,5.82
372,jiazi,CN,90.0,2018-11-26,83.0,19.61,110.49,71.6,8.95
373,pasighat,IN,0.0,2018-11-26,54.0,28.06,95.33,54.38,2.73
374,pangnirtung,CA,90.0,2018-11-26,85.0,66.15,-65.72,15.8,13.87
375,eldorado,MX,5.0,2018-11-26,42.0,24.32,-107.36,84.2,11.41
376,le port,FR,8.0,2018-11-26,78.0,42.87,1.37,26.93,3.96
377,fuling,CN,92.0,2018-11-26,99.0,29.71,107.39,48.03,1.28
378,ilulissat,GL,80.0,2018-11-26,79.0,69.22,-51.1,21.2,2.84
379,nouadhibou,MR,0.0,2018-11-26,70.0,20.93,-17.03,68.78,13.8
380,miranda,CO,90.0,2018-11-26,94.0,3.25,-76.23,69.8,4.7
381,chernyshevskiy,RU,24.0,2018-11-26,54.0,63.01,112.47,-32.07,2.62
382,kisangani,CD,24.0,2018-11-26,94.0,0.52,25.21,74.31,3.18
383,touros,BR,92.0,2018-11-26,84.0,-5.2,-35.46,80.21,15.37
384,wana,PK,12.0,2018-11-26,78.0,32.31,69.59,28.23,2.17
385,altamont,CA,44.0,2018-11-26,100.0,49.4,-98.5,12.2,10.29
386,mount isa,AU,48.0,2018-11-26,32.0,-20.73,139.49,84.2,6.93
387,flinders,AU,75.0,2018-11-26,68.0,-34.58,150.85,68.0,5.82
388,valente,BR,92.0,2018-11-26,96.0,-11.41,-39.46,70.08,7.87
389,conceicao do araguaia,BR,76.0,2018-11-26,97.0,-8.26,-49.26,75.93,2.06
390,piterka,RU,88.0,2018-11-26,97.0,50.68,47.44,33.68,9.66
391,kupang,ID,75.0,2018-11-26,88.0,-10.16,123.6,78.8,4.74
392,taoudenni,ML,56.0,2018-11-26,37.0,22.68,-3.98,60.45,10.67
393,kankan,GN,0.0,2018-11-26,67.0,10.38,-9.3,68.33,2.95
394,dehloran,IR,0.0,2018-11-26,93.0,32.69,47.27,49.56,2.73
395,barreiras,BR,80.0,2018-11-26,99.0,-12.14,-45.0,68.51,2.73
396,danane,CI,48.0,2018-11-26,93.0,7.26,-8.15,73.64,3.29
397,sioux lookout,CA,90.0,2018-11-26,85.0,50.1,-91.92,12.2,10.29
398,takoradi,GH,48.0,2018-11-26,100.0,4.89,-1.75,81.02,6.31
399,codrington,AU,8.0,2018-11-26,55.0,-28.95,153.24,81.06,3.96
400,meadow lake,CA,90.0,2018-11-26,85.0,54.13,-108.44,23.0,8.05
401,amalapuram,IN,0.0,2018-11-26,78.0,16.58,82.0,69.45,5.64
402,tsuyama,JP,20.0,2018-11-26,81.0,35.14,134.03,46.4,9.17
403,oranjestad,AW,20.0,2018-11-26,78.0,12.52,-70.03,82.4,18.34
404,lamar,US,1.0,2018-11-26,29.0,38.09,-102.62,46.04,8.05
405,bucerias,MX,5.0,2018-11-26,78.0,20.76,-105.33,78.8,8.05
406,san cristobal,EC,90.0,2018-11-26,87.0,-0.39,-78.55,55.4,2.24
407,longonjo,AO,64.0,2018-11-26,93.0,-12.91,15.25,56.36,2.39
408,aklavik,CA,90.0,2018-11-26,77.0,68.22,-135.01,-2.21,4.63
409,mazatlan,MX,5.0,2018-11-26,57.0,23.22,-106.42,80.6,5.82
410,ishigaki,JP,75.0,2018-11-26,88.0,24.34,124.16,71.6,9.17
411,wanning,AT,75.0,2018-11-26,98.0,48.64,13.53,33.8,8.05
412,queanbeyan,AU,75.0,2018-11-26,63.0,-35.35,149.23,64.4,5.82
413,lexington,US,90.0,2018-11-26,81.0,38.05,-84.5,33.08,17.22
414,williamsport,US,90.0,2018-11-26,92.0,41.25,-77.0,44.96,8.05
415,suicheng,CN,8.0,2018-11-26,90.0,33.9,117.93,41.33,3.51
416,miram shah,PK,32.0,2018-11-26,81.0,33.01,70.07,42.0,2.95
417,necochea,AR,64.0,2018-11-26,67.0,-38.55,-58.74,64.37,7.54
418,sarangani,PH,12.0,2018-11-26,99.0,5.4,125.46,83.13,1.05
419,ostrovnoy,RU,80.0,2018-11-26,93.0,68.05,39.51,21.35,12.24
420,macia,MZ,8.0,2018-11-26,65.0,-25.03,33.09,79.94,7.65
421,dongli,CN,92.0,2018-11-26,93.0,24.18,117.61,62.6,4.47
422,rudnogorsk,RU,56.0,2018-11-26,63.0,57.27,103.75,8.57,4.52
423,ola,RU,20.0,2018-11-26,64.0,59.58,151.3,-4.01,2.24
424,virden,CA,0.0,2018-11-26,57.0,49.85,-100.93,-6.6,2.73
425,grand gaube,MU,75.0,2018-11-26,94.0,-20.01,57.66,77.0,16.11
426,sawakin,SD,0.0,2018-11-26,100.0,19.1,37.33,65.72,4.41
427,vera cruz,BR,0.0,2018-11-26,76.0,-22.22,-49.82,71.43,13.91
428,gornopravdinsk,RU,88.0,2018-11-26,79.0,60.06,69.92,4.52,5.64
429,korfez,TR,75.0,2018-11-26,93.0,40.78,29.73,62.6,2.24
430,norwich,GB,80.0,2018-11-26,93.0,52.63,1.29,42.8,3.36
431,puerto ayacucho,CO,75.0,2018-11-26,66.0,5.66,-67.63,86.0,2.39
432,george,NG,20.0,2018-11-26,88.0,6.63,3.35,82.4,4.7
433,kokkola,FI,75.0,2018-11-26,68.0,63.84,23.13,30.2,9.17
434,wajir,KE,0.0,2018-11-26,89.0,1.75,40.07,70.53,2.73
435,requena,ES,0.0,2018-11-26,58.0,39.49,-1.1,53.6,9.17
436,lavrentiya,RU,64.0,2018-11-26,100.0,65.58,-170.99,24.41,34.16
437,kuytun,RU,44.0,2018-11-26,60.0,54.34,101.51,0.51,3.62
438,chichimila,MX,24.0,2018-11-26,69.0,20.62,-88.22,81.83,3.62
439,port moresby,PG,20.0,2018-11-26,66.0,-9.47,147.16,86.0,6.93
440,nikki,BJ,0.0,2018-11-26,62.0,9.94,3.21,67.7,2.73
441,victor harbor,AU,75.0,2018-11-26,67.0,-35.55,138.62,60.8,8.05
442,olinda,EC,90.0,2018-11-26,74.0,-2.03,-79.75,78.8,11.41
443,dzerzhinskoye,RU,80.0,2018-11-26,75.0,56.84,95.22,11.58,2.95
444,savinka,RU,92.0,2018-11-26,98.0,50.08,47.1,33.41,11.34
445,lunino,RU,76.0,2018-11-26,90.0,53.59,45.22,21.17,4.52
446,shenjiamen,CN,68.0,2018-11-26,98.0,29.96,122.3,63.15,16.04
447,bunesti,RO,75.0,2018-11-26,86.0,46.83,27.97,33.8,10.29
448,makakilo city,US,40.0,2018-11-26,58.0,21.35,-158.09,84.92,9.17
449,manhattan,US,75.0,2018-11-26,69.0,39.18,-96.57,35.06,4.7
450,bria,CF,0.0,2018-11-26,65.0,6.54,21.99,66.89,5.19
451,cravo norte,CO,56.0,2018-11-26,44.0,6.3,-70.2,90.65,10.22
452,hualmay,PE,12.0,2018-11-26,84.0,-11.1,-77.61,64.41,5.08
453,kailua,US,20.0,2018-11-26,84.0,21.39,-157.74,84.92,6.93
454,andros town,BS,75.0,2018-11-26,74.0,24.73,-77.79,78.8,4.7
455,lata,IN,20.0,2018-11-26,55.0,30.78,78.62,42.45,3.18
456,dillon,US,1.0,2018-11-26,58.0,45.22,-112.64,35.06,12.75
457,gamba,CN,0.0,2018-11-26,38.0,28.28,88.52,-9.39,3.06
458,poli,CM,0.0,2018-11-26,80.0,8.48,13.24,63.96,2.17
459,tawau,MY,75.0,2018-11-26,94.0,4.26,117.89,75.2,3.36
460,yongan,CN,12.0,2018-11-26,49.0,39.7,113.69,11.85,3.96
461,berezovyy,RU,48.0,2018-11-26,85.0,51.67,135.7,-0.8,2.28
462,anchorage,US,75.0,2018-11-26,100.0,61.22,-149.89,39.92,3.96
463,lufilufi,WS,100.0,2018-11-26,100.0,-13.87,-171.6,83.85,10.89
464,myrtle beach,US,1.0,2018-11-26,59.0,33.7,-78.89,66.02,4.7
465,roebourne,AU,0.0,2018-11-26,19.0,-20.77,117.15,79.58,5.64
466,pachino,IT,40.0,2018-11-26,87.0,36.72,15.09,57.2,2.24
467,nsoko,ZA,20.0,2018-11-26,79.0,-27.07,31.93,71.3,2.84
468,nome,US,1.0,2018-11-26,33.0,30.04,-94.42,57.92,9.17
469,farafangana,MG,92.0,2018-11-26,99.0,-22.82,47.83,76.43,6.42
470,pakokku,MM,0.0,2018-11-26,87.0,21.33,95.09,57.53,3.62
471,karratha,AU,0.0,2018-11-26,19.0,-20.74,116.85,79.58,5.64
472,floresti,MD,92.0,2018-11-26,99.0,47.89,28.3,34.98,8.21
473,staryy nadym,RU,64.0,2018-11-26,60.0,65.61,72.68,-20.51,7.2
474,pyu,MM,0.0,2018-11-26,92.0,18.48,96.43,66.93,2.84
475,zhangjiakou,CN,0.0,2018-11-26,33.0,40.77,114.88,16.04,6.76
476,moose factory,CA,90.0,2018-11-26,78.0,51.26,-80.61,17.6,6.93
477,tengzhou,CN,56.0,2018-11-26,58.0,35.11,117.16,41.24,12.68
478,constitucion,MX,5.0,2018-11-26,45.0,23.99,-104.67,68.0,5.82
479,kibala,TD,0.0,2018-11-26,57.0,9.11,18.35,75.2,2.73
480,yangcun,CN,0.0,2018-11-26,78.0,29.98,118.17,37.19,2.17
481,lodja,CD,92.0,2018-11-26,98.0,-3.52,23.6,68.78,0.83
482,flin flon,CA,90.0,2018-11-26,78.0,54.77,-101.88,8.6,2.62
483,san policarpo,PH,88.0,2018-11-26,95.0,12.18,125.51,80.61,12.8
484,kalevala,FI,88.0,2018-11-26,86.0,64.12,29.58,23.24,6.31
485,borogontsy,RU,8.0,2018-11-26,75.0,62.67,131.17,-37.65,2.73
486,raudeberg,NO,0.0,2018-11-26,92.0,61.99,5.14,30.2,5.82
487,thinadhoo,MV,88.0,2018-11-26,99.0,0.53,72.93,83.99,0.49
488,birobidzhan,RU,0.0,2018-11-26,61.0,48.79,132.93,23.01,10.33
489,bingol,TR,92.0,2018-11-26,96.0,38.88,40.49,33.81,2.28
490,beringovskiy,RU,12.0,2018-11-26,100.0,63.05,179.32,11.58,26.22
491,limbang,BN,75.0,2018-11-26,94.0,4.75,115.01,78.8,2.24
492,buala,SB,92.0,2018-11-26,92.0,-8.15,159.59,83.99,4.29
493,amahai,ID,8.0,2018-11-26,100.0,-3.31,129.0,83.76,4.41
494,katangli,RU,92.0,2018-11-26,92.0,51.71,143.23,31.52,10.67
495,saint anthony,US,1.0,2018-11-26,54.0,43.97,-111.68,35.96,2.73
496,san patricio,PY,68.0,2018-11-26,75.0,-26.98,-56.83,76.52,3.74
497,los llanos de aridane,ES,32.0,2018-11-26,100.0,28.66,-17.92,66.08,5.64
498,yuli,NG,0.0,2018-11-26,46.0,10.52,9.86,62.7,5.75
499,young,UY,92.0,2018-11-26,47.0,-32.7,-57.63,69.68,9.66
500,andra,RU,68.0,2018-11-26,79.0,62.52,65.89,-1.16,7.43
501,half moon bay,US,1.0,2018-11-26,82.0,37.46,-122.43,66.02,3.36
502,kiruna,SE,32.0,2018-11-26,62.0,67.86,20.23,23.0,16.11
503,cuamba,MZ,76.0,2018-11-26,84.0,-14.8,36.54,70.8,2.73
504,san juan,PH,20.0,2018-11-26,100.0,14.6,121.03,75.2,3.36
505,khandyga,RU,0.0,2018-11-26,0.0,62.65,135.58,-39.32,2.39
506,peleduy,RU,48.0,2018-11-26,70.0,59.63,112.75,-16.55,2.39
507,masuguru,MZ,0.0,2018-11-26,76.0,-11.38,38.46,76.88,7.99
508,katsuura,JP,75.0,2018-11-26,87.0,33.93,134.5,50.0,8.05
509,oxbow,CA,90.0,2018-11-26,72.0,49.23,-102.17,14.0,6.93
510,jiwani,PK,0.0,2018-11-26,96.0,25.05,61.74,70.4,5.75
511,shelburne,CA,90.0,2018-11-26,97.0,44.08,-80.2,39.2,6.93
512,narimanov,RU,90.0,2018-11-26,100.0,46.69,47.85,39.2,4.47
513,agirish,RU,88.0,2018-11-26,88.0,61.92,63.02,6.18,4.63
514,lagoa,PT,0.0,2018-11-26,87.0,37.14,-8.45,51.8,2.24
515,tessalit,ML,44.0,2018-11-26,40.0,20.2,1.01,58.61,3.85
516,mapiripan,CO,44.0,2018-11-26,46.0,2.89,-72.13,87.05,5.3
517,brus laguna,HN,92.0,2018-11-26,93.0,15.75,-84.48,76.97,1.72
518,xining,CN,56.0,2018-11-26,70.0,36.62,101.77,4.65,2.62
519,la asuncion,EC,92.0,2018-11-26,99.0,-1.64,-78.74,49.34,0.38
520,riyadh,SA,0.0,2018-11-26,87.0,24.63,46.72,55.4,2.24
521,auchi,NG,80.0,2018-11-26,79.0,7.07,6.27,76.97,6.98
522,tautira,PF,75.0,2018-11-26,70.0,-17.73,-149.15,86.0,2.24
523,mattru,SL,24.0,2018-11-26,81.0,7.62,-11.83,77.24,4.63
524,gombong,ID,44.0,2018-11-26,92.0,-7.19,109.31,74.09,3.18
525,belyy yar,RU,40.0,2018-11-26,85.0,53.6,91.39,17.6,2.95
526,aksarka,RU,44.0,2018-11-26,63.0,66.56,67.8,-21.41,4.63
527,vardo,US,90.0,2018-11-26,57.0,39.62,-77.74,48.2,14.99
528,aykhal,RU,20.0,2018-11-26,50.0,65.95,111.51,-31.31,2.73
529,port blair,IN,88.0,2018-11-26,96.0,11.67,92.75,84.98,11.45
530,umm lajj,SA,68.0,2018-11-26,98.0,25.02,37.27,67.97,6.31
531,zhicheng,CN,76.0,2018-11-26,67.0,35.04,112.59,37.37,4.18
532,nemuro,JP,92.0,2018-11-26,96.0,43.32,145.57,48.98,23.2
533,apiai,BR,88.0,2018-11-26,83.0,-24.51,-48.84,63.47,4.29
534,skibbereen,IE,75.0,2018-11-26,93.0,51.55,-9.27,46.4,17.22
535,kieta,PG,56.0,2018-11-26,97.0,-6.22,155.63,83.58,2.73
536,grindavik,IS,75.0,2018-11-26,80.0,63.84,-22.43,39.2,14.99
537,tavricheskoye,RU,75.0,2018-11-26,92.0,54.59,73.64,19.4,8.95
